Order ID,Order Date,CustomerName,State,City
B-26055,10/3/2018,Harivansh,Uttar Pradesh,Mathura
B-25993,3/2/2018,Madhav,Delhi,Delhi
B-25973,8/27/2018,Madan Mohan,Uttar Pradesh,Mathura
B-25923,6/4/2020,Gopal,Maharashtra,Mumbai
B-25757,1/15/2020,Vishakha,Madhya Pradesh,Indore
B-25967,9/4/2019,Sudevi,Uttar Pradesh,Prayagraj
B-25955,4/13/2019,Shiva,Maharashtra,Pune
B-26093,11/13/2018,Sarita,Maharashtra,Pune
B-25798,7/22/2018,Shishu,Andhra Pradesh,Hyderabad
B-25602,9/12/2020,Vrinda,Maharashtra,Pune
B-25858,4/14/2020,Uudhav,Maharashtra,Mumbai
B-25969,2/27/2019,Shreyshi,Gujarat,Surat
B-26099,3/29/2018,Bhishm,Maharashtra,Mumbai
B-25997,2/21/2018,Yogesh,Maharashtra,Pune
B-25881,12/16/2020,Lalita,Uttar Pradesh,Mathura
B-25761,12/1/2019,Madhav,Uttar Pradesh,Mathura
B-25887,10/4/2020,Vishakha,Uttar Pradesh,Prayagraj
B-25823,4/15/2020,Rohan,Maharashtra,Mumbai
B-25853,4/7/2018,Gaurav,Gujarat,Ahmedabad
B-25862,11/14/2018,Amol,Bihar,Patna
B-25830,4/26/2018,Aastha,Himachal Pradesh,Simla
B-25786,11/16/2018,Madan Mohan,Uttar Pradesh,Mathura
B-25686,11/11/2018,Pooja,Himachal Pradesh,Simla
B-26022,5/7/2019,Shrichand,Punjab,Chandigarh
B-26003,4/16/2018,Hitesh,Madhya Pradesh,Bhopal
B-25755,10/19/2019,Shourya,Kerala ,Thiruvananthapuram
B-25902,4/29/2019,Ishpreet,Maharashtra,Mumbai
B-25935,7/25/2018,Sudhir,Nagaland,Kohima
B-25797,5/18/2020,Sauptik,Madhya Pradesh,Indore
B-25639,10/3/2019,Lisha,Madhya Pradesh,Bhopal
B-25681,11/21/2020,Bhawna,Madhya Pradesh,Indore
B-25909,6/14/2020,Sujay,Maharashtra,Pune
B-25910,5/27/2019,Jay,Delhi,Delhi
B-25950,9/16/2019,Shruti,Madhya Pradesh,Indore
B-25613,8/28/2019,Mohan,Haryana,Chandigarh
B-25919,2/5/2018,Neha,Rajasthan,Udaipur
B-25768,5/6/2018,Shreyoshe,Karnataka,Bangalore
B-25629,7/24/2019,Hemant,Kerala ,Thiruvananthapuram
B-25729,1/27/2018,Madhulika,Madhya Pradesh,Bhopal
B-25943,1/15/2020,Shardul,Gujarat,Ahmedabad
B-25842,5/10/2018,Sheetal,Maharashtra,Pune
B-26073,4/23/2019,Pournamasi,Madhya Pradesh,Indore
B-25778,6/6/2020,Surabhi,Maharashtra,Mumbai
B-25717,12/7/2019,Manshul,Uttar Pradesh,Lucknow
B-26085,12/24/2020,Shrichand,Punjab,Chandigarh
B-26048,12/2/2018,Parth,Maharashtra,Pune
B-25793,2/17/2020,Siddharth,Madhya Pradesh,Indore
B-25656,9/6/2020,Priyanka,Maharashtra,Pune
B-25608,3/15/2020,Aarushi,Tamil Nadu,Chennai
B-25752,12/12/2018,Vaibhav,Madhya Pradesh,Indore
B-25779,1/15/2020,Savi,Maharashtra,Pune
B-25603,4/4/2019,Jahan,Madhya Pradesh,Bhopal
B-26051,10/9/2018,Parishi,West Bengal,Kolkata
B-25653,12/18/2019,Farah,Nagaland,Kohima
B-25855,4/26/2019,Abhijeet,Madhya Pradesh,Bhopal
B-25762,2/26/2020,Anudeep,Madhya Pradesh,Indore
B-25995,11/3/2019,Yohann,Delhi,Delhi
B-25929,12/12/2018,Girase,Kerala ,Thiruvananthapuram
B-26006,7/22/2019,Arpita,Karnataka,Bangalore
B-25697,8/8/2018,Vijay,Jammu and Kashmir,Kashmir
B-25836,8/11/2018,Arti,Maharashtra,Pune
B-25601,12/16/2018,Bharat,Gujarat,Ahmedabad
B-25873,3/2/2019,Divyeta,Madhya Pradesh,Indore
B-26028,3/5/2018,Manju,Andhra Pradesh,Hyderabad
B-25964,5/28/2019,Oshin,Maharashtra,Pune
B-25676,10/14/2020,Chandni,Rajasthan,Jaipur
B-25839,3/3/2019,Pranjali,West Bengal,Kolkata
B-25894,3/11/2020,Monu,Punjab,Amritsar
B-25925,4/23/2019,Shruti,Maharashtra,Mumbai
B-25953,11/3/2019,Krutika,Andhra Pradesh,Hyderabad
B-25772,2/18/2018,Sanjana,Bihar,Patna
B-25957,10/21/2019,Mahima,Madhya Pradesh,Indore
B-25730,12/1/2019,Rishabh,Rajasthan,Jaipur
B-25877,10/19/2018,Dashyam,Gujarat,Surat
B-26067,6/10/2018,Tulika,Madhya Pradesh,Bhopal
B-25810,1/5/2020,Nripraj,Punjab,Chandigarh
B-25868,7/24/2019,Vikash,Goa,Goa
B-26023,6/20/2018,Mukesh,Haryana,Chandigarh
B-25626,4/27/2018,Bhishm,Maharashtra,Mumbai
B-25937,8/24/2018,Ankit,Haryana,Chandigarh
B-25610,1/10/2018,Yogesh,Bihar,Patna
B-25777,8/24/2019,Aditi,Madhya Pradesh,Indore
B-25738,6/15/2018,Ayush,Punjab,Chandigarh
B-25978,3/21/2019,Parin,Maharashtra,Mumbai
B-25643,10/13/2019,Kirti,Jammu and Kashmir,Kashmir
B-25728,11/10/2019,Ameesha,Maharashtra,Pune
B-25749,8/20/2018,Ayush,Maharashtra,Mumbai
B-25667,6/9/2020,Anjali,Haryana,Chandigarh
B-25657,10/2/2019,Tulika,Madhya Pradesh,Bhopal
B-25753,4/29/2019,Shivam,Uttar Pradesh,Lucknow
B-26061,8/28/2019,Anurag,Madhya Pradesh,Indore
B-25838,4/29/2019,Sanjana,Madhya Pradesh,Indore
B-25702,12/7/2018,Shaily,Maharashtra,Mumbai
B-25952,1/5/2020,Priyanka,Madhya Pradesh,Indore
B-25666,5/15/2019,Tanvi,Punjab,Chandigarh
B-25675,4/16/2020,Shreya,Madhya Pradesh,Bhopal
B-25650,7/1/2019,Chirag,Maharashtra,Mumbai
B-25986,11/10/2019,Shweta,Rajasthan,Udaipur
B-25850,11/19/2020,Abhishek,Goa,Goa
B-25898,3/29/2020,Abhishek,Rajasthan,Udaipur
B-25813,6/22/2020,Hrisheekesh,Maharashtra,Mumbai
B-25825,5/12/2018,Kartik,Madhya Pradesh,Indore
B-25954,7/17/2018,Trupti,Gujarat,Ahmedabad
B-25696,8/9/2018,Noopur,Karnataka,Bangalore
B-25638,3/6/2018,Parth,Maharashtra,Pune
B-25747,8/15/2019,Harsh,Madhya Pradesh,Bhopal
B-25904,11/21/2018,Swapnil,Delhi,Delhi
B-25852,4/5/2020,Soumyabrata,Andhra Pradesh,Hyderabad
B-25981,10/28/2020,Amruta,Delhi,Delhi
B-25899,2/12/2020,Aishwarya,Uttar Pradesh,Prayagraj
B-25870,12/18/2020,Pranav,Andhra Pradesh,Hyderabad
B-26040,3/5/2019,Sahil,Punjab,Chandigarh
B-25671,3/15/2018,Mitali,Nagaland,Kohima
B-26100,12/1/2019,Hitika,Madhya Pradesh,Indore
B-25651,12/21/2020,Anurag,Madhya Pradesh,Indore
B-25968,11/16/2018,Paromita,Punjab,Amritsar
B-26019,5/3/2020,Jitesh,Uttar Pradesh,Lucknow
B-25664,12/4/2020,Pratyusmita,Bihar,Patna
B-26033,12/7/2018,Atharv,West Bengal,Kolkata
B-26052,1/2/2019,Ajay,Karnataka,Bangalore
B-25999,1/10/2019,Diwakar,Delhi,Delhi
B-25781,12/4/2018,Rutuja,Gujarat,Ahmedabad
B-25764,4/15/2020,Sanjova,Maharashtra,Pune
B-25803,7/17/2019,Shivanshu,Madhya Pradesh,Indore
B-25945,9/11/2018,Mhatre,Madhya Pradesh,Indore
B-26086,8/3/2020,Mukesh,Haryana,Chandigarh
B-25845,10/14/2018,Snel,Kerala ,Thiruvananthapuram
B-25817,9/18/2020,Praneet,Maharashtra,Mumbai
B-25951,7/28/2018,Jesal,West Bengal,Kolkata
B-25970,8/28/2019,Rhea,Maharashtra,Mumbai
B-25878,11/20/2020,Mrinal,Maharashtra,Mumbai
B-26057,10/4/2019,Sharda,Kerala ,Thiruvananthapuram
B-25885,1/30/2018,Shatayu,Madhya Pradesh,Indore
B-25897,2/23/2019,Rohan,Madhya Pradesh,Indore
B-25756,11/19/2018,Mohan,Maharashtra,Mumbai
B-25859,5/3/2020,Chikku,Madhya Pradesh,Indore
B-25691,9/9/2018,Akancha,Maharashtra,Mumbai
B-25633,5/15/2020,Amit,Sikkim,Gangtok
B-25708,4/15/2019,Kishwar,Madhya Pradesh,Indore
B-25831,3/12/2019,Mahima,Sikkim,Gangtok
B-25856,7/9/2019,Abhijeet,Maharashtra,Mumbai
B-25893,12/3/2019,Vrinda,Uttar Pradesh,Mathura
B-25959,12/15/2019,Muskan,Madhya Pradesh,Indore
B-26000,3/9/2018,Shubham,Delhi,Delhi
B-26097,8/17/2019,Vini,Karnataka,Bangalore
B-25745,6/24/2018,Kartik,Gujarat,Ahmedabad
B-25974,7/26/2018,Manisha,Rajasthan,Udaipur
B-25670,11/12/2018,Charika,Goa,Goa
B-25848,10/8/2019,Rohan,Himachal Pradesh,Simla
B-25888,2/18/2018,Rohan,Punjab,Amritsar
B-25942,5/2/2019,Ankur,Andhra Pradesh,Hyderabad
B-25847,4/15/2018,Aniket,Haryana,Chandigarh
B-25636,2/7/2019,Nishi,Maharashtra,Mumbai
B-25826,10/21/2020,Tanushree,Maharashtra,Mumbai
B-26081,10/27/2019,Aarushi,Tamil Nadu,Chennai
B-25625,7/9/2019,Pinky,Jammu and Kashmir,Kashmir
B-25802,4/7/2018,Yash,Maharashtra,Mumbai
B-25693,12/24/2018,Parna,Madhya Pradesh,Bhopal
B-25796,1/3/2019,Sukrith,Maharashtra,Mumbai
B-25806,10/23/2019,Dhanraj,Madhya Pradesh,Indore
B-25710,12/18/2018,Megha,Maharashtra,Pune
B-25669,5/30/2019,Piyali,Sikkim,Gangtok
B-25857,12/13/2018,Anand,Madhya Pradesh,Indore
B-25785,11/20/2020,Ayush,West Bengal,Kolkata
B-25930,6/1/2020,Monica,Punjab,Chandigarh
B-26053,7/10/2019,Kirti,Jammu and Kashmir,Kashmir
B-26070,10/20/2020,Shruti,Karnataka,Bangalore
B-25791,9/21/2018,Avish,Kerala ,Thiruvananthapuram
B-25983,5/26/2018,Atul,Delhi,Delhi
B-25979,2/26/2019,Shivangi,Madhya Pradesh,Indore
B-26054,6/11/2019,Mayank,Maharashtra,Mumbai
B-26078,3/13/2019,Kasheen,West Bengal,Kolkata
B-25787,10/25/2020,Asish,Jammu and Kashmir,Kashmir
B-25682,10/11/2019,Krutika,Bihar,Patna
B-25962,12/15/2020,Tejeswini,Maharashtra,Pune
B-25750,11/27/2019,Priyanshu,Madhya Pradesh,Indore
B-25828,2/25/2019,Nikita,Punjab,Chandigarh
B-25622,12/16/2020,Monisha,Rajasthan,Jaipur
B-25751,3/9/2019,Nishant,Maharashtra,Mumbai
B-25685,8/30/2019,Sheetal,Madhya Pradesh,Indore
B-26010,6/10/2018,Kartikay,Bihar,Patna
B-26035,1/12/2020,Pinky,Jammu and Kashmir,Kashmir
B-25698,2/14/2019,Amisha,Tamil Nadu,Chennai
B-25966,1/27/2019,Soumya,Rajasthan,Udaipur
B-25832,3/11/2019,Harshita,Maharashtra,Mumbai
B-25743,2/20/2019,Aman,Nagaland,Kohima
B-25886,10/3/2020,Brijesh,Rajasthan,Udaipur
B-25975,5/11/2020,Priyanka,Uttar Pradesh,Prayagraj
B-26098,4/10/2020,Pinky,Jammu and Kashmir,Kashmir
B-25614,4/15/2019,Vandana,Himachal Pradesh,Simla
B-25726,2/5/2018,Kiran,Maharashtra,Mumbai
B-26050,10/31/2019,Paridhi,Rajasthan,Jaipur
B-25609,11/6/2020,Jitesh,Uttar Pradesh,Lucknow
B-25741,7/24/2018,Navdeep,Madhya Pradesh,Indore
B-25956,3/31/2018,Shreya,Maharashtra,Mumbai
B-25689,11/28/2018,Bhaggyasree,Maharashtra,Mumbai
B-25939,4/25/2019,Vineet,Sikkim,Gangtok
B-25890,8/8/2019,Divyansha,Maharashtra,Mumbai
B-25814,5/1/2020,Swapnil,Madhya Pradesh,Indore
B-25718,2/2/2018,Anjali,Maharashtra,Mumbai
B-25914,12/8/2019,Kajal,Delhi,Delhi
B-25903,7/27/2019,Amlan,Madhya Pradesh,Indore
B-26096,1/23/2019,Atharv,West Bengal,Kolkata
B-25654,8/22/2018,Sabah,Maharashtra,Mumbai
B-26076,8/8/2019,Jahan,Madhya Pradesh,Bhopal
B-25961,10/13/2019,Surbhi,Gujarat,Ahmedabad
B-25854,9/13/2020,Shubham,Maharashtra,Pune
B-25642,6/22/2018,Ajay,Karnataka,Bangalore
B-25683,10/30/2020,Shreya,Kerala ,Thiruvananthapuram
B-26016,3/5/2018,Hazel,Karnataka,Bangalore
B-26034,8/16/2020,Vini,Karnataka,Bangalore
B-26056,3/29/2020,Sonal,Bihar,Patna
B-25819,3/7/2020,Ankur,Madhya Pradesh,Bhopal
B-25715,9/7/2020,Srishti,Jammu and Kashmir,Kashmir
B-25933,12/25/2018,Shikhar,Maharashtra,Mumbai
B-26014,12/31/2020,Divsha,Rajasthan,Jaipur
B-25655,12/11/2018,Nida,Madhya Pradesh,Indore
B-25816,11/29/2018,Mane,Andhra Pradesh,Hyderabad
B-25634,10/11/2018,Sanjay,Goa,Goa
B-25895,3/3/2018,Sathya,Gujarat,Surat
B-25687,3/16/2020,Sanjna,Maharashtra,Mumbai
B-25662,5/9/2020,Sweta,Maharashtra,Mumbai
B-25635,1/31/2020,Nidhi,Nagaland,Kohima
B-26060,12/17/2019,Chirag,Maharashtra,Mumbai
B-26045,3/20/2018,Nidhi,Nagaland,Kohima
B-25770,5/8/2018,Sakshi,Madhya Pradesh,Indore
B-25744,5/13/2019,Devendra,Andhra Pradesh,Hyderabad
B-25618,3/23/2019,Manju,Andhra Pradesh,Hyderabad
B-25958,7/8/2020,Aparajita,West Bengal,Kolkata
B-25769,12/19/2020,Surbhi,Maharashtra,Mumbai
B-25619,4/8/2019,Ramesh,Gujarat,Ahmedabad
B-25688,12/30/2019,Swetha,Madhya Pradesh,Indore
B-25829,6/1/2018,Apoorva,Haryana,Chandigarh
B-26036,4/22/2020,Bhishm,Maharashtra,Mumbai
B-25714,7/7/2019,Stuti,Karnataka,Bangalore
B-25989,2/2/2020,Anjali,Delhi,Delhi
B-25849,3/3/2018,K,Sikkim,Gangtok
B-25851,1/31/2018,Kushal,Nagaland,Kohima
B-25782,5/22/2019,Aayushi,Maharashtra,Mumbai
B-25621,1/27/2018,Deepak,Madhya Pradesh,Bhopal
B-25996,4/23/2019,Prashant,Delhi,Delhi
B-25678,10/9/2019,Bathina,Karnataka,Bangalore
B-25727,8/31/2020,Turumella,Madhya Pradesh,Indore
B-26018,3/2/2019,Aarushi,Tamil Nadu,Chennai
B-25760,5/7/2019,Pooja,Goa,Goa
B-25804,12/28/2019,Sudheer,Karnataka,Bangalore
B-25754,6/9/2019,Akshay,Bihar,Patna
B-26020,6/15/2018,Yogesh,Bihar,Patna
B-25640,11/21/2020,Paridhi,Rajasthan,Jaipur
B-25789,1/3/2018,Akshay,Uttar Pradesh,Lucknow
B-26072,11/29/2019,Sweta,Maharashtra,Mumbai
B-26007,12/1/2020,Shubham,Jammu and Kashmir,Kashmir
B-26087,8/30/2020,Vandana,Himachal Pradesh,Simla
B-25617,1/28/2020,Sagar,Nagaland,Kohima
B-25984,11/27/2019,Kajal,Delhi,Delhi
B-25767,12/19/2018,Ashmeet,West Bengal,Kolkata
B-25987,10/1/2020,Manjiri,Delhi,Delhi
B-25840,1/31/2020,Sneha,Karnataka,Bangalore
B-25663,12/12/2020,Pournamasi,Madhya Pradesh,Indore
B-26030,4/7/2020,Sarita,Maharashtra,Pune
B-25947,11/9/2020,Chetan,Gujarat,Ahmedabad
B-25896,10/3/2020,Aman,Maharashtra,Mumbai
B-26009,2/26/2020,Komal,Uttar Pradesh,Lucknow
B-25876,8/15/2020,Bhosale,Punjab,Amritsar
B-25915,8/30/2019,Sukruta,Punjab,Amritsar
B-25795,10/1/2018,Sukant,Sikkim,Gangtok
B-26002,4/16/2020,Harsh,Delhi,Delhi
B-25645,7/4/2019,Yaanvi,Madhya Pradesh,Indore
B-25837,10/7/2020,Palak,Maharashtra,Mumbai
B-25612,12/8/2019,Shrichand,Punjab,Chandigarh
B-25812,4/17/2019,Kshitij,Madhya Pradesh,Indore
B-25843,9/30/2019,Mrunal,Maharashtra,Mumbai
B-26026,8/1/2019,Kanak,Goa,Goa
B-25773,1/12/2018,Shreya,Kerala ,Thiruvananthapuram
B-25875,4/6/2018,Divyeshkumar,Uttar Pradesh,Prayagraj
B-25660,2/8/2018,Shruti,Karnataka,Bangalore
B-25918,12/28/2020,Karandeep,Madhya Pradesh,Indore
B-25971,12/23/2019,Mitali,Madhya Pradesh,Indore
B-26063,11/3/2019,Farah,Nagaland,Kohima
B-25867,10/19/2020,Ankit,Sikkim,Gangtok
B-25703,10/25/2020,Ekta,Madhya Pradesh,Indore
B-25661,9/10/2019,Subhashree,Jammu and Kashmir,Kashmir
B-25748,1/4/2018,Nitant,Rajasthan,Jaipur
B-25766,9/30/2018,Surabhi,Rajasthan,Jaipur
B-25861,6/10/2020,Aayush,Uttar Pradesh,Lucknow
B-26058,5/21/2018,Aditya,Punjab,Chandigarh
B-25808,9/10/2018,Apsingekar,Bihar,Patna
B-25900,3/5/2019,Anand,Punjab,Amritsar
B-26084,11/30/2018,Anita,Kerala ,Thiruvananthapuram
B-25652,1/17/2019,Tushina,Goa,Goa
B-26008,12/13/2020,Kalyani,Tamil Nadu,Chennai
B-25799,8/1/2019,Divyansh,Gujarat,Ahmedabad
B-25927,1/5/2019,Shreya,Uttar Pradesh,Lucknow
B-25985,3/3/2018,Ginny,Madhya Pradesh,Indore
B-25994,6/7/2020,Omkar,Delhi,Delhi
B-25620,9/22/2019,Sarita,Maharashtra,Pune
B-25712,7/10/2019,Adhvaita,Rajasthan,Jaipur
B-25976,5/16/2018,Piyam,Punjab,Amritsar
B-26068,3/13/2019,Shefali,Rajasthan,Jaipur
B-25721,12/11/2018,Anchal,Haryana,Chandigarh
B-25863,12/18/2020,Manibalan,Kerala ,Thiruvananthapuram
B-25991,1/9/2018,Mansi,Madhya Pradesh,Indore
B-25737,5/27/2020,Shubham,Madhya Pradesh,Indore
B-26043,2/13/2020,Amit,Sikkim,Gangtok
B-25977,10/6/2019,Aayushi,Gujarat,Surat
B-25908,3/22/2019,Pradeep,Delhi,Delhi
B-25941,11/27/2019,Jaideep,Nagaland,Kohima
B-25794,10/17/2019,Aditya,Himachal Pradesh,Simla
B-26041,6/22/2018,Ritu,Haryana,Chandigarh
B-25695,7/29/2019,Suhani,West Bengal,Kolkata
B-25960,6/6/2018,Shreya,Andhra Pradesh,Hyderabad
B-26037,10/11/2018,Hitika,Madhya Pradesh,Indore
B-25921,2/16/2020,Sandra,Punjab,Amritsar
B-25944,10/1/2018,Syed,Maharashtra,Pune
B-25724,10/24/2018,Sheetal,Madhya Pradesh,Indore
B-26024,7/24/2019,Vandana,Himachal Pradesh,Simla
B-25694,10/31/2020,Subhasmita,Rajasthan,Jaipur
B-25665,12/7/2018,Chayanika,Kerala ,Thiruvananthapuram
B-26004,8/2/2018,Nandita,Rajasthan,Jaipur
B-25611,11/4/2018,Anita,Kerala ,Thiruvananthapuram
B-25901,10/12/2018,Suraj,Gujarat,Surat
B-25623,2/15/2020,Atharv,West Bengal,Kolkata
B-25713,8/7/2018,Raksha,West Bengal,Kolkata
B-26091,7/13/2018,Manju,Andhra Pradesh,Hyderabad
B-25604,3/4/2018,Divsha,Rajasthan,Jaipur
B-25827,9/17/2020,Sheetal,Madhya Pradesh,Indore
B-25835,2/3/2019,Moumita,Gujarat,Ahmedabad
B-26025,1/25/2020,Bhavna,Sikkim,Gangtok
B-25809,9/10/2018,Suman,Kerala ,Thiruvananthapuram
B-25905,11/12/2018,Bhargav,Delhi,Delhi
B-25948,9/16/2020,Mukund,Maharashtra,Pune
B-26094,12/3/2020,Deepak,Madhya Pradesh,Bhopal
B-25949,5/7/2018,Shantanu,Maharashtra,Mumbai
B-26001,7/2/2018,Patil,Delhi,Delhi
B-25771,2/9/2018,Vaibhavi,Uttar Pradesh,Lucknow
B-25659,8/20/2018,Sanskriti,West Bengal,Kolkata
B-25924,6/11/2018,Prajakta,Karnataka,Bangalore
B-25883,8/1/2018,Saptadeep,Gujarat,Surat
B-25946,12/1/2018,Saurabh,Andhra Pradesh,Hyderabad
B-26065,10/9/2020,Nida,Madhya Pradesh,Indore
B-26083,10/11/2018,Yogesh,Bihar,Patna
B-25725,10/19/2018,Anisha,Nagaland,Kohima
B-25630,4/26/2020,Sahil,Punjab,Chandigarh
B-25673,8/15/2018,Arsheen,Gujarat,Ahmedabad
B-25692,8/13/2019,Rashmi,Madhya Pradesh,Indore
B-25992,3/2/2018,Gaurav,Rajasthan,Udaipur
B-25765,11/8/2020,Meghana,Madhya Pradesh,Bhopal
B-25892,4/12/2018,Aditi,Rajasthan,Udaipur
B-26089,1/12/2018,Kanak,Goa,Goa
B-25780,7/30/2020,Teena,Andhra Pradesh,Hyderabad
B-25684,9/6/2018,Samiksha,Maharashtra,Mumbai
B-25739,3/8/2018,Daksh,Haryana,Chandigarh
B-25731,1/24/2019,Akash,West Bengal,Kolkata
B-25648,4/5/2018,Aditya,Punjab,Chandigarh
B-26038,9/7/2018,Pooja,Bihar,Patna
B-25700,5/4/2018,Shubhi,Maharashtra,Mumbai
B-26015,9/18/2019,Kasheen,West Bengal,Kolkata
B-25704,9/9/2019,Riya,Maharashtra,Mumbai
B-25811,10/10/2018,Utsav,Maharashtra,Mumbai
B-25821,1/31/2019,Ajay,West Bengal,Kolkata
B-25874,4/10/2018,Megha,Rajasthan,Udaipur
B-25668,6/9/2020,Rhea,Himachal Pradesh,Simla
B-25800,1/10/2018,Ishit,Maharashtra,Pune
B-25928,1/1/2018,Smriti,Bihar,Patna
B-26021,8/25/2020,Anita,Kerala ,Thiruvananthapuram
B-26064,12/20/2019,Ankita,Maharashtra,Mumbai
B-25882,2/22/2020,Masurkar,Punjab,Amritsar
B-25891,4/12/2018,Shivani,Madhya Pradesh,Indore
B-25820,10/28/2020,Dheeraj,Rajasthan,Jaipur
B-25889,3/12/2018,Abhishek,Gujarat,Surat
B-25871,5/13/2019,Gunjal,Gujarat,Surat
B-25637,5/14/2020,Ashmi,Madhya Pradesh,Indore
B-25616,10/16/2019,Kanak,Goa,Goa
B-25972,9/15/2019,Jesslyn,Rajasthan,Udaipur
B-25805,5/10/2018,Ankit,Maharashtra,Mumbai
B-25860,9/17/2020,Akshay,Tamil Nadu,Chennai
B-26080,3/30/2018,Sonakshi,Jammu and Kashmir,Kashmir
B-25807,7/10/2018,Vipul,Uttar Pradesh,Lucknow
B-25734,4/12/2020,Pranav,Madhya Pradesh,Indore
B-25880,12/1/2019,Apoorv,Rajasthan,Udaipur
B-25934,4/1/2018,Rahul,Madhya Pradesh,Indore
B-25913,2/1/2020,Geetanjali,Delhi,Delhi
B-25912,9/26/2019,Preksha,Delhi,Delhi
B-25824,7/21/2019,Shyam,Madhya Pradesh,Indore
B-25711,6/7/2018,Sakshi,Madhya Pradesh,Bhopal
B-25864,3/14/2020,Aromal,Maharashtra,Mumbai
B-25917,3/31/2018,Sanjay,Maharashtra,Mumbai
B-26049,5/3/2018,Lisha,Madhya Pradesh,Bhopal
B-25920,7/24/2018,Jayanti,Uttar Pradesh,Prayagraj
B-25699,5/8/2018,Kritika,Uttar Pradesh,Lucknow
B-25735,12/27/2020,Arindam,Uttar Pradesh,Lucknow
B-25701,9/18/2018,Maithilee,Madhya Pradesh,Indore
B-26092,9/30/2020,Ramesh,Gujarat,Ahmedabad
B-26082,2/5/2018,Jitesh,Uttar Pradesh,Lucknow
B-25818,4/28/2018,Sandeep,Madhya Pradesh,Indore
B-25846,3/11/2018,Soodesh,Punjab,Chandigarh
B-26011,12/2/2018,Bharat,Gujarat,Ahmedabad
B-25631,5/20/2020,Ritu,Haryana,Chandigarh
B-25606,6/4/2018,Hazel,Karnataka,Bangalore
B-25746,10/8/2018,Shivam,Maharashtra,Pune
B-26005,8/2/2018,Parnavi,West Bengal,Kolkata
B-25844,3/11/2018,Swati,Madhya Pradesh,Indore
B-25869,2/1/2020,Parakh,Nagaland,Kohima
B-26066,3/18/2019,Priyanka,Maharashtra,Pune
B-25865,8/11/2020,Arun,Madhya Pradesh,Indore
B-26039,10/25/2019,Hemant,Kerala ,Thiruvananthapuram
B-25916,4/17/2020,Utkarsh,Gujarat,Surat
B-26090,7/21/2018,Sagar,Nagaland,Kohima
B-25988,8/14/2020,Nirja,Delhi,Delhi
B-25906,11/12/2018,Abhijit,Delhi,Delhi
B-26017,3/28/2018,Sonakshi,Jammu and Kashmir,Kashmir
B-25644,9/28/2020,Mayank,Maharashtra,Mumbai
B-25679,4/6/2018,Avni,Maharashtra,Mumbai
B-25723,8/29/2018,Wale,Maharashtra,Mumbai
B-25605,5/4/2018,Kasheen,West Bengal,Kolkata
B-25792,2/28/2020,Abhishek,Maharashtra,Mumbai
B-25680,4/6/2018,Aayushi,Madhya Pradesh,Indore
B-25931,4/1/2018,Sidharth,Maharashtra,Mumbai
B-25932,4/1/2018,Bhutekar,Madhya Pradesh,Indore
B-25990,2/2/2018,Mugdha,Delhi,Delhi
B-25615,11/3/2019,Bhavna,Sikkim,Gangtok
B-26031,3/31/2019,Deepak,Madhya Pradesh,Bhopal
B-25801,1/10/2018,Aryan,Madhya Pradesh,Bhopal
B-25833,7/20/2020,Krishna,Madhya Pradesh,Indore
B-26077,8/31/2019,Divsha,Rajasthan,Jaipur
B-25936,5/1/2018,Nikhil,Punjab,Chandigarh
B-25938,5/1/2018,Shikhar,Himachal Pradesh,Simla
B-25716,11/7/2018,Surabhi,Tamil Nadu,Chennai
B-25740,3/8/2018,Rane,Maharashtra,Mumbai
B-25763,8/28/2020,Noshiba,Gujarat,Ahmedabad
B-25872,2/7/2019,Saurabh,Maharashtra,Mumbai
B-25879,11/19/2020,Siddharth,Madhya Pradesh,Indore
B-25926,11/1/2020,Dipali,Madhya Pradesh,Indore
B-26074,3/1/2020,Bharat,Gujarat,Ahmedabad
B-25627,8/2/2019,Hitika,Madhya Pradesh,Indore
B-25940,6/1/2018,Vivek,Goa,Goa
B-26047,4/3/2018,Ashmi,Madhya Pradesh,Indore
B-26069,7/21/2019,Sanskriti,West Bengal,Kolkata
B-26027,9/5/2018,Sagar,Nagaland,Kohima
B-25963,10/6/2020,Pratiksha,Maharashtra,Mumbai
B-25922,10/24/2018,Akshata,Gujarat,Surat
B-25866,4/9/2019,Komal,Himachal Pradesh,Simla
B-25607,6/4/2018,Sonakshi,Jammu and Kashmir,Kashmir
B-25775,8/9/2018,Duhita,Haryana,Chandigarh
B-25998,4/2/2018,Anmol,Rajasthan,Udaipur
B-26062,3/27/2018,Tushina,Goa,Goa
B-25722,12/6/2019,Inderpreet,Himachal Pradesh,Simla
B-25776,9/9/2018,Mousam,Maharashtra,Mumbai
B-26032,2/2/2020,Monisha,Rajasthan,Jaipur
B-25705,11/9/2020,Shweta,Madhya Pradesh,Indore
B-25628,7/2/2018,Pooja,Bihar,Patna
B-25733,2/23/2020,Dhirajendu,Maharashtra,Mumbai
B-25647,3/5/2018,Sharda,Kerala ,Thiruvananthapuram
B-25790,4/6/2018,Sajal,Bihar,Patna
B-25709,1/7/2018,Aakanksha,Madhya Pradesh,Indore
B-25911,12/11/2018,Phalguni,Madhya Pradesh,Bhopal
B-25774,7/9/2018,Snehal,Punjab,Chandigarh
B-26042,4/13/2020,Manish,Himachal Pradesh,Simla
B-25815,10/10/2018,Harsh,Nagaland,Kohima
B-25822,3/15/2019,Tejas,Karnataka,Bangalore
B-26075,8/26/2019,Pearl,Maharashtra,Pune
B-25783,6/23/2018,Shivangi,Madhya Pradesh,Indore
B-26046,4/3/2018,Nishi,Maharashtra,Mumbai
B-25690,10/12/2019,Gunjan,Madhya Pradesh,Indore
B-25706,1/7/2018,Swetlana,Goa,Goa
B-25736,7/5/2020,Akshat,Maharashtra,Mumbai
B-25720,9/18/2019,Namrata,Punjab,Chandigarh
B-25907,11/12/2018,Jaydeep,Madhya Pradesh,Bhopal
B-25719,12/7/2018,Rashmi,Madhya Pradesh,Indore
B-26013,10/21/2018,Jahan,Madhya Pradesh,Bhopal
B-26044,2/3/2018,Sanjay,Goa,Goa
B-25649,5/5/2018,Rachna,Haryana,Chandigarh
B-25658,3/20/2019,Shefali,Rajasthan,Jaipur
B-25672,3/1/2020,Akanksha,Andhra Pradesh,Hyderabad
B-25624,2/11/2020,Vini,Karnataka,Bangalore
B-25884,11/4/2018,Sumeet,Maharashtra,Mumbai
B-25641,12/9/2020,Parishi,West Bengal,Kolkata
B-25841,1/11/2018,Ashvini,Maharashtra,Mumbai
B-25980,9/19/2018,Shweta,Rajasthan,Udaipur
B-26012,7/14/2019,Pearl,Maharashtra,Pune
B-26029,10/24/2019,Ramesh,Gujarat,Ahmedabad
B-26071,9/20/2018,Subhashree,Jammu and Kashmir,Kashmir
B-25646,1/5/2018,Sonal,Bihar,Patna
B-25677,2/6/2018,Ekta,West Bengal,Kolkata
B-25759,3/6/2019,Soumya,Sikkim,Gangtok
B-26059,12/3/2018,Rachna,Haryana,Chandigarh
B-25632,1/25/2018,Manish,Himachal Pradesh,Simla
B-26079,3/3/2019,Hazel,Karnataka,Bangalore
B-25674,6/25/2019,Mahima,Maharashtra,Pune
B-25965,5/31/2018,Saloni,West Bengal,Kolkata
B-25732,11/18/2019,Anubhaw,Karnataka,Bangalore
B-25834,8/29/2018,Ananya,Andhra Pradesh,Hyderabad
B-25784,3/16/2019,Rohit,Rajasthan,Jaipur
B-25982,5/3/2018,Hemangi,Delhi,Delhi
B-25788,4/5/2019,Dinesh,Tamil Nadu,Chennai
B-25742,3/8/2018,Ashwin,Goa,Goa
B-26088,2/12/2019,Bhavna,Sikkim,Gangtok
B-25707,1/7/2018,Shivani,Maharashtra,Mumbai
B-25758,7/10/2018,Shubham,Himachal Pradesh,Simla
B-26095,12/30/2018,Monisha,Rajasthan,Jaipur
